ID,texto,likesCount,locationname,TimeStamp,Comments,n√∫mero de menciones #menysviolencia,Robo de identidad,Interacciones reiteradas sin consentimiento,Difusi√≥n malintencionada,Ataques coordinados,Vigilancia y control,Captaci√≥n,Hacer de menos,Promoci√≥n del machismo,Desamparo,n√∫mero menciones #mesigualtat,Conoce instagram,Evita normalizar la violencia,Cuentalo (y Denuncia),Cuida y apoya a tus amigas,Comparte contenido feminista
1,Sab√≠as que 1 de cada 10 mujeres ha sufrido violencia de g√©nero en redes sociales? Sabies que 1 de cada 10 dones ha patit viol√®ncia de g√®nere en xarxes socials? A partir del 5 de diciembre recogeremos datos sobre este tipo de violencia. AY√öDANOS a hacer visible lo invisible! ,10,"Barcelona,Espa√±a",10/12/2019,1,0,0,0,0,0,0,0,0,0,0,1,0,0,0,0,1
2,Enlla√ßada de l'assemblea de la #Vagafeminista #TerresdeleEbre. #JuntesSomMesFortes #ensvolemvives #NiUnaMes #25N #mesigualtat #menysviolencia @equalproyecto www.atzavaratortosa.org,68,"Tortosa, Espa√±a",23/11/2019,10,0,0,0,0,0,0,0,0,0,0,1,0,0,0,0,1
3,"Avui a l'Esplaia't d'Atzavara-arrels hem convidat a tothom a passar pel Casal C√≠vic de Ferreries i acompanyar-nos en aquesta jornada reivindicativa pel dret a ser lliures! ‚úäüèΩ Gr√†cies a les fam√≠lies, al ve√Ønatge, a la gent del Casal i molt especialment a les joves de l'entitat que s'han currat aquest espai on la seva veu es fa sentir! üíú #25N #JuntesSomM√©sFortes #ensvolemvives #NiUnaMes #mesigualtat #menysviolencia @equalproyecto #somAtzavara#diverses #Tortosa #TerresdelEbre www.atzavaratortosa.org",61,"Tortosa, Espa√±a",25/11/2019,1,0,0,0,0,0,0,0,0,0,0,1,0,0,0,0,1
4,"#Repost  El Violador eres T√ö. Que se escuche y se haga viral en todos los idiomas, en todas las lenguas y todas las culturas !! ‚úäüèæüß°üôè‚ú®üî•  @equalproyecto #mesigualtat",4,"Barcelona, Espa√±a",12/12/2019,0,0,0,0,0,0,0,0,0,0,0,1,0,0,0,0,1
5,"Excelente e improvisado cascanueces para las Fiestas que se avecinan. Escultura: Lysa III, 2014, por Jennifer Rubell. V√≠deo, Miranda Makaroff ",258.399,"Barcelona, Espa√±a",10/12/2019,594,1,0,0,0,0,0,0,0,1,0,0,0,0,0,0,0
6,Campa√±a de @equalproyecto para visibilizar la violencia machista en Instagram. Solo tienes que etiquetar las fotos que consideres que representen esta condici√≥n con #mesigualtat y #menysviolencia PARTICIPA. #stopsida #campa√±a #visibleloinvisible #desigualdad #violencia #agresion #humillacion #insulto,55,"Barcelona, Espa√±a",11/12/2019,3,0,0,0,0,0,0,0,0,0,0,1,0,0,0,0,1
7,"Detr√°s de todo proyecto est√°n las personas, aqu√≠ os comparto -en crudo como la vida misma- dos videos donde parte del equipo @equalproyecto os invita a conocer la campa√±a. ‚ÄºÔ∏èTen√©is hasta ma√±ana 19 de diciembre a las 00:00h para participar‚ÄºÔ∏è  Ojal√° os anim√©is! üôèüí™ #menysviolencia #equal #mesigualtat #violencia #violenciamachista #social #datos #dades #noesno #stop #juntassomosmasfuertes #stopviolenceagainstwomen #violenciadegenero #feminismo",72,"Barcelona, Espa√±a",18/12/2019,3,0,0,0,0,0,0,0,0,0,0,1,0,0,0,0,1
,.,,,,,,,,,,,,,,,,,,,,
,,,,,,,,,,,,,,,,,,,,,
,.,,,,,,,,,,,,,,,,,,,,
,.,,,,,,,,,,,,,,,,,,,,